F0,F1,F2,F3,F1_red_2,F3_red_3,F2_red_4,F3_red_5,F2_red_6,F1_red_7,F1_red_8,F2_red_9,F2_red_10,F16_Irr,F17_Irr,F18_Irr,F19_Irr,F20_Irr,F21_Irr,F22_Irr,F23_Irr,F24_Irr,F25_Irr,F26_Irr,F27_Irr,F28_Irr,F29_Irr,F30_Irr,F31_Irr,F32_Irr,F33_Irr,F34_Irr,F35_Irr,F36_Irr,F37_Irr,F38_Irr,F39_Irr,F40_Irr,F41_Irr,F42_Irr,F43_Irr,F44_Irr,F45_Irr,F46_Irr,F47_Irr,F48_Irr,F49_Irr,F50_Irr,F51_Irr,F52_Irr,F53_Irr,F54_Irr,F55_Irr,F56_Irr,F57_Irr,F58_Irr,F59_Irr,F60_Irr,F61_Irr,F62_Irr,F63_Irr,F64_Irr,F65_Irr,F66_Irr,F67_Irr,F68_Irr,F69_Irr,F70_Irr,F71_Irr,F72_Irr,F73_Irr,F74_Irr,F75_Irr,F76_Irr,F77_Irr,F78_Irr,F79_Irr,F80_Irr,F81_Irr,F82_Irr,F83_Irr,F84_Irr,F85_Irr,F86_Irr,F87_Irr,F88_Irr,F89_Irr,F90_Irr,F91_Irr,F92_Irr,F93_Irr,F94_Irr,F95_Irr,F96_Irr,F97_Irr,F98_Irr,F99_Irr,F100_Irr,F101_Irr,F102_Irr,F103_Irr,F104_Irr,F105_Irr,F106_Irr,F107_Irr,F108_Irr,F109_Irr,F110_Irr,F111_Irr,F112_Irr,F113_Irr,F114_Irr,F115_Irr,Target
0,1,0,1,0,0,1,0,1,0,0,1,1,0,0,0,0,1,0,1,1,1,1,1,1,0,1,0,1,0,1,0,0,1,0,1,0,1,0,0,0,1,1,1,0,0,1,0,0,0,0,0,0,1,0,0,0,1,0,1,0,1,1,1,1,1,0,0,1,1,1,0,1,0,1,1,0,1,0,0,0,1,0,0,0,0,0,1,0,1,1,1,1,0,0,0,1,0,1,1,0,0,0,0,1,0,0,1,0,0,1,1,1,0
1,0,1,0,1,1,0,1,0,1,1,0,0,1,0,0,0,0,0,0,0,0,0,0,1,0,1,0,0,1,0,1,0,1,0,1,1,0,0,1,1,0,0,1,0,1,0,0,1,1,1,0,0,0,0,1,0,0,1,1,0,0,1,1,0,1,1,1,1,0,1,0,0,0,0,1,0,1,1,0,1,0,1,1,0,1,0,0,0,0,1,0,0,0,0,1,0,0,0,1,0,1,0,0,0,0,1,1,1,1,0,1,1,0
0,1,1,1,0,0,0,0,0,0,0,0,0,1,0,1,0,0,0,0,0,0,0,0,1,1,0,0,1,0,1,0,1,0,0,0,1,0,0,0,0,1,0,1,0,1,0,0,1,1,0,0,1,0,0,1,1,1,1,0,1,0,0,1,1,0,0,0,0,1,0,0,0,1,0,1,1,0,0,0,0,0,0,1,1,0,0,0,1,0,0,0,1,0,1,0,0,0,1,0,0,1,0,0,0,1,1,1,0,0,0,0,0,1
0,0,1,0,1,1,0,1,0,1,1,0,0,0,0,0,1,1,1,1,1,1,1,1,1,0,0,0,0,0,1,0,0,0,1,1,0,0,1,0,0,1,0,1,0,1,0,0,1,1,0,0,1,1,0,0,1,0,0,0,1,0,0,0,1,0,0,0,0,0,0,1,1,0,1,0,0,0,1,0,1,0,0,0,1,1,0,0,1,0,0,0,1,1,1,0,1,1,0,0,0,0,0,0,1,0,0,1,1,1,0,0,0,0
1,1,1,1,0,0,0,0,0,0,0,0,0,0,0,1,0,0,1,1,0,0,0,0,1,0,0,1,1,1,1,0,0,0,1,0,1,1,0,0,0,1,0,1,0,0,0,1,0,1,0,0,1,1,1,0,1,0,1,1,1,0,1,1,0,0,0,0,0,0,0,1,1,1,0,0,1,0,0,0,1,1,1,0,0,1,1,1,1,0,1,0,0,0,1,0,0,0,0,1,1,0,0,0,1,0,0,0,1,0,1,0,1,1
0,0,1,0,1,1,0,1,0,1,1,0,0,0,1,0,0,0,1,1,1,0,0,0,1,1,1,0,1,1,1,0,1,0,1,1,1,1,1,1,1,1,0,0,0,0,1,0,1,0,0,1,1,0,1,0,0,0,1,0,0,1,0,0,0,1,0,0,1,0,0,0,1,1,1,0,1,1,1,1,1,0,1,0,1,1,1,0,0,0,1,0,0,1,1,1,1,1,0,0,1,1,1,0,1,1,1,1,1,0,0,0,1,0
1,1,0,1,0,0,1,0,1,0,0,1,1,0,1,0,1,0,0,1,0,1,1,0,0,0,0,0,0,0,0,0,0,0,0,1,0,1,1,1,1,0,0,0,1,1,0,1,0,0,1,0,0,1,0,0,0,1,0,1,1,0,0,0,1,0,1,0,1,0,1,0,1,1,1,0,0,0,0,0,1,0,1,1,0,1,1,0,1,0,0,0,0,1,0,1,0,1,0,0,1,1,1,0,1,1,1,1,0,1,1,0,1,1
0,0,0,1,1,0,1,0,1,1,1,1,1,0,0,1,0,1,1,0,0,1,0,1,0,1,0,0,0,0,1,1,1,1,1,1,1,1,0,0,1,1,1,1,0,0,1,1,1,0,0,1,1,1,1,1,1,1,1,0,1,0,1,0,1,0,1,0,0,1,1,1,0,0,1,1,0,0,1,0,0,0,1,0,1,1,0,1,0,1,0,1,0,0,1,0,0,1,0,1,1,0,0,0,1,1,0,1,0,0,0,0,0,0
0,0,0,0,1,1,1,1,1,1,1,1,1,0,0,1,0,0,0,0,0,1,0,0,1,1,0,0,1,0,0,0,1,1,0,0,0,1,0,0,0,1,0,1,0,1,1,0,0,0,0,0,0,1,1,1,1,1,1,1,1,0,1,0,0,1,1,0,0,1,0,1,0,0,1,0,0,1,1,0,0,0,0,1,1,0,1,0,0,0,1,0,0,0,1,0,0,0,1,0,1,0,0,1,1,1,1,1,0,0,0,0,1,0
1,0,0,1,1,0,1,0,1,1,1,1,1,0,1,0,1,1,0,0,0,0,0,0,1,1,0,0,0,0,0,0,1,0,1,1,0,0,0,1,1,1,0,1,0,1,1,1,0,1,0,1,0,0,1,1,1,0,1,1,0,1,1,0,1,1,0,1,0,1,1,1,1,1,1,0,0,1,1,0,1,0,1,0,0,0,1,0,1,1,1,1,0,0,0,0,1,1,0,0,0,0,0,1,1,1,1,0,0,0,1,0,0,0
1,1,1,1,0,0,0,0,0,0,0,0,0,1,1,1,0,0,1,0,1,0,0,1,0,0,0,0,1,1,1,0,1,0,0,0,0,0,1,1,1,1,0,0,1,1,0,0,1,0,0,0,0,1,0,1,0,1,0,0,0,0,1,1,0,0,1,0,1,1,1,1,1,0,1,1,1,0,0,1,1,0,0,1,0,0,1,1,1,0,0,1,0,1,0,1,0,1,0,0,1,1,0,0,0,0,1,1,0,1,0,1,1,1
0,1,0,0,0,1,1,1,1,0,0,1,1,1,0,0,1,0,0,0,0,0,0,0,1,0,0,0,1,0,1,1,0,1,0,0,1,0,1,1,0,1,0,0,1,0,0,0,0,0,1,1,0,1,0,0,0,0,0,1,0,0,0,1,1,0,1,1,1,0,1,1,0,1,1,0,1,1,0,0,0,1,0,1,0,0,1,0,0,1,0,1,1,1,0,0,1,0,1,0,1,1,0,0,0,0,1,1,1,1,0,1,1,0
1,0,1,1,1,0,0,0,0,1,1,0,0,0,0,1,0,0,0,1,0,1,0,0,1,0,1,0,0,1,1,0,1,0,0,0,0,1,1,1,0,1,1,0,0,1,1,0,1,1,1,0,0,1,0,0,0,0,0,1,1,0,0,0,0,1,0,0,0,0,0,0,1,0,0,1,0,0,1,1,1,1,1,1,0,0,1,1,0,0,1,0,1,1,0,0,1,0,1,0,0,0,0,0,0,1,0,1,1,0,0,1,0,1
1,0,1,1,1,0,0,0,0,1,1,0,0,0,0,0,1,0,1,1,0,0,1,0,0,0,0,0,0,0,1,0,0,1,0,0,1,0,1,0,1,0,1,1,0,1,0,0,1,1,0,1,1,1,0,1,1,0,1,1,0,1,1,0,1,0,0,0,1,1,0,1,0,1,0,0,1,1,1,0,1,0,1,0,0,0,1,1,0,0,1,0,1,1,0,1,0,1,1,0,1,1,0,0,1,0,0,0,0,0,1,0,0,1
1,1,0,0,0,1,1,1,1,0,0,1,1,0,1,0,1,1,0,1,1,0,0,1,0,1,1,0,0,1,1,0,0,0,0,0,0,1,0,0,0,1,1,0,0,0,1,1,0,0,1,0,1,1,0,0,1,1,1,0,0,0,0,0,0,0,1,0,0,1,0,0,1,1,1,0,0,0,0,0,0,1,0,1,1,0,0,0,1,0,1,0,0,0,0,0,1,1,0,0,0,0,1,0,0,0,0,1,0,1,1,0,1,1
0,0,1,0,1,1,0,1,0,1,1,0,0,0,0,1,1,0,0,0,1,0,0,0,1,0,0,1,0,1,0,0,1,0,0,0,0,0,1,0,1,0,1,1,0,0,0,0,0,0,0,1,1,1,0,1,1,0,0,0,1,0,1,1,1,1,0,0,1,0,0,0,0,0,1,0,1,0,0,0,1,1,1,0,0,1,1,1,1,0,1,1,0,0,1,0,0,1,0,0,1,1,1,0,0,1,1,0,1,0,0,0,0,0
0,1,1,0,0,1,0,1,0,0,0,0,0,0,0,0,1,0,0,0,1,0,1,0,0,1,1,1,1,0,0,1,1,1,0,0,0,0,0,0,1,0,1,0,0,1,0,0,0,0,0,1,0,0,0,0,0,0,0,0,1,0,0,1,1,1,0,0,0,0,0,0,0,1,1,0,0,1,1,0,0,1,0,1,0,0,0,1,0,0,1,1,1,1,1,0,0,0,0,0,0,0,0,0,0,0,0,0,0,1,0,1,0,0
0,0,0,0,1,1,1,1,1,1,1,1,1,0,1,0,1,0,1,0,0,0,1,0,0,0,0,0,0,1,0,0,0,0,1,1,1,0,0,0,0,1,0,1,0,1,1,0,0,1,1,0,0,1,0,1,0,0,0,0,1,0,0,0,1,1,0,1,1,1,0,1,0,0,0,0,1,0,0,0,1,0,0,1,0,0,1,1,1,1,1,0,0,1,0,0,1,0,1,1,0,1,0,1,0,1,0,0,0,0,1,0,1,0
0,0,1,0,1,1,0,1,0,1,1,0,0,1,0,0,1,1,1,0,0,0,0,0,1,1,0,1,1,0,0,0,1,1,1,1,0,0,1,0,0,1,1,0,1,0,1,0,1,1,1,1,0,0,1,0,1,0,1,1,0,0,1,1,1,0,1,0,1,1,1,0,0,1,1,1,1,0,1,1,1,0,1,0,1,0,0,0,1,0,0,1,0,0,0,0,1,0,1,1,0,0,1,1,0,0,0,0,0,0,1,0,0,0
0,1,1,1,0,0,0,0,0,0,0,0,0,0,1,0,1,1,1,1,0,0,0,0,0,0,1,0,0,0,1,0,1,0,1,1,1,0,0,1,0,1,1,0,0,1,0,1,1,0,1,0,0,1,0,0,1,0,1,0,1,0,0,1,1,0,1,0,0,1,0,0,0,0,1,0,0,1,0,0,0,1,1,0,1,0,0,0,1,1,0,0,0,0,0,1,0,1,0,0,0,1,0,0,0,0,1,1,1,1,0,0,1,1
1,1,1,0,0,1,0,1,0,0,0,0,0,0,0,1,1,0,1,0,1,0,1,0,0,0,0,1,1,0,1,0,1,1,1,0,0,0,0,0,1,1,1,0,0,0,1,0,0,0,0,0,0,1,0,0,1,0,0,0,1,1,0,0,0,1,1,1,1,0,1,1,0,1,0,0,0,1,0,0,0,1,0,0,0,0,1,1,0,0,1,1,0,1,1,0,0,1,1,0,1,0,1,0,0,1,0,1,0,0,0,1,0,1
0,1,0,0,0,1,1,1,1,0,0,1,1,0,0,0,1,0,0,0,0,1,0,0,0,1,0,0,0,0,0,0,1,0,0,0,0,0,0,1,1,0,0,1,0,1,1,1,0,1,0,0,0,0,1,0,0,1,0,1,1,0,0,1,1,0,0,0,1,0,1,0,0,1,1,1,0,1,1,0,0,0,0,0,1,1,1,0,1,0,0,0,1,1,1,1,0,1,0,0,1,0,0,0,0,1,0,1,0,0,0,1,0,0
0,1,0,0,0,1,1,1,1,0,0,1,1,1,0,0,0,0,1,0,1,1,0,1,0,1,1,0,0,0,0,0,0,1,1,1,0,0,0,0,0,0,1,0,1,1,1,1,0,0,1,1,1,0,0,1,0,1,1,0,1,0,0,0,0,0,0,1,1,0,1,1,1,1,1,0,0,0,0,1,0,1,0,0,0,0,1,0,0,0,1,0,1,0,0,0,1,0,1,1,1,1,1,0,0,0,1,0,0,0,0,0,1,0
0,1,0,1,0,0,1,0,1,0,0,1,1,0,0,0,0,0,1,0,1,0,1,0,1,1,1,1,0,0,0,0,0,0,0,1,0,1,1,0,1,0,0,1,0,1,1,1,1,1,0,0,1,0,1,0,1,1,0,0,0,0,0,0,0,0,0,1,0,0,1,1,0,0,1,1,0,1,0,1,0,0,0,1,0,0,1,0,0,1,1,1,0,1,0,1,0,0,0,1,1,1,0,0,1,0,0,1,1,0,0,0,1,0
1,0,0,0,1,1,1,1,1,1,1,1,1,0,0,0,1,1,1,0,0,1,1,1,0,0,0,0,0,1,0,0,0,1,0,0,1,0,0,0,0,1,1,1,0,0,0,0,1,0,0,0,1,1,0,0,1,0,1,0,0,1,1,0,0,0,0,1,1,1,1,1,1,0,1,1,0,1,0,0,0,1,1,0,0,0,0,0,0,1,1,0,1,1,0,1,0,0,0,0,1,0,1,0,1,0,1,1,0,0,0,1,1,0
1,1,1,0,0,1,0,1,0,0,0,0,0,0,0,0,1,0,1,1,1,1,0,1,1,1,1,1,0,0,1,1,1,0,0,1,0,0,0,0,1,0,1,0,1,1,1,0,1,1,1,0,1,1,0,1,1,1,0,1,0,1,0,1,1,1,1,1,1,1,1,1,0,0,0,0,1,0,0,0,0,0,1,1,1,0,1,1,1,0,0,1,0,0,0,1,0,0,1,0,0,0,1,1,1,0,0,1,0,1,1,0,1,1
0,1,1,0,0,1,0,1,0,0,0,0,0,1,1,1,1,1,0,1,0,0,0,0,0,0,0,1,0,0,1,0,1,0,1,0,1,1,1,0,1,0,1,0,1,0,1,1,0,0,1,0,0,1,0,0,0,1,1,1,1,0,1,0,1,0,0,0,0,1,1,1,0,1,1,0,1,0,1,1,0,0,1,1,0,1,0,0,0,0,1,1,0,0,1,1,1,0,0,0,0,1,0,1,1,0,0,0,1,0,0,1,0,0
1,0,1,0,1,1,0,1,0,1,1,0,0,0,1,1,0,0,0,1,1,0,0,0,0,1,1,1,1,1,0,0,0,0,1,0,0,0,0,0,1,0,0,0,0,1,0,0,0,0,1,0,0,0,1,1,1,0,0,1,1,0,1,1,1,1,0,0,0,0,0,0,0,1,1,1,0,1,0,0,0,0,0,0,1,1,1,1,1,0,0,0,0,0,0,0,1,0,1,1,0,0,1,1,0,1,1,0,1,0,0,0,0,0
0,1,1,1,0,0,0,0,0,0,0,0,0,1,0,0,0,0,1,0,0,0,1,0,1,1,1,1,0,0,0,1,0,1,1,1,1,0,0,0,0,0,1,0,0,0,0,1,1,1,1,1,0,0,0,0,1,0,1,1,1,0,1,1,1,0,1,1,0,1,1,1,0,0,0,0,0,1,1,1,0,1,1,0,1,0,0,1,1,0,0,1,1,1,0,1,0,1,1,1,0,0,1,1,0,0,1,0,0,1,0,1,0,1
1,1,0,0,0,1,1,1,1,0,0,1,1,0,0,0,1,1,1,0,0,0,0,1,0,0,0,1,0,1,0,0,1,1,0,0,0,0,0,1,0,0,1,0,0,0,0,0,0,0,1,0,0,0,0,1,1,0,1,1,1,1,0,0,0,1,0,0,0,0,0,0,0,1,1,0,1,1,1,1,0,0,0,0,1,1,1,1,1,1,0,0,1,0,1,0,0,0,0,0,0,1,1,0,0,0,1,0,0,0,1,1,0,1
0,0,0,1,1,0,1,0,1,1,1,1,1,0,0,1,0,0,0,0,0,0,0,0,0,0,0,1,0,0,0,0,0,0,0,1,0,0,1,0,0,0,1,0,0,1,0,1,1,1,1,1,0,1,1,1,0,0,0,1,1,0,0,0,0,0,1,0,0,1,1,1,0,1,1,1,1,1,1,0,0,1,0,1,0,0,1,0,0,1,0,0,0,1,0,0,1,1,1,0,0,1,0,0,0,0,0,1,1,1,1,1,1,0
0,0,0,0,1,1,1,1,1,1,1,1,1,1,0,1,0,0,1,0,0,0,1,1,0,1,0,1,0,0,1,0,0,0,1,0,0,0,0,0,0,1,0,1,0,0,1,1,0,1,0,1,1,0,0,1,1,1,0,1,0,0,1,0,1,1,0,0,0,1,1,0,1,1,0,1,0,1,0,0,0,0,1,1,0,0,0,1,1,1,1,1,1,1,1,1,0,0,1,0,1,1,1,1,0,0,0,1,0,1,1,0,1,0
1,1,1,1,0,0,0,0,0,0,0,0,0,0,1,1,0,1,1,0,0,0,1,1,0,0,0,1,1,0,1,0,0,0,1,0,1,0,0,1,1,0,0,1,1,1,0,0,1,0,0,0,1,0,1,1,0,1,0,1,1,0,1,1,0,0,1,1,1,0,0,0,1,1,0,1,0,0,1,0,1,0,0,1,0,1,1,0,1,0,1,1,0,1,0,1,1,0,0,0,0,0,0,1,1,0,1,0,1,0,0,0,1,1
1,0,1,1,1,0,0,0,0,1,1,0,0,1,0,0,1,0,0,0,0,0,1,1,0,0,0,0,0,0,1,0,1,0,0,0,1,1,0,1,0,0,1,0,1,1,1,0,0,0,0,0,1,1,0,1,1,0,1,0,0,0,1,0,1,1,0,0,0,0,0,0,0,0,0,0,1,1,1,0,1,0,0,0,1,1,1,0,0,1,0,0,0,1,0,1,0,1,0,0,1,0,1,1,0,0,0,0,0,0,1,0,0,1
0,1,0,0,0,1,1,1,1,0,0,1,1,1,1,0,0,1,0,0,0,1,0,0,0,0,0,0,1,0,0,1,0,0,0,1,0,0,0,0,1,1,1,0,1,0,0,0,1,0,1,0,0,1,0,0,0,0,0,1,0,1,0,1,0,1,1,1,0,1,0,1,0,1,0,0,1,0,0,0,0,0,0,1,0,0,0,1,0,1,1,1,0,1,0,0,0,0,1,1,1,0,0,0,1,1,0,1,1,0,1,1,0,0
1,0,1,0,1,1,0,1,0,1,1,0,0,0,0,1,1,1,1,0,0,0,0,1,0,1,1,0,0,0,0,0,0,0,1,0,1,0,0,0,1,0,0,0,1,0,1,1,0,1,1,1,1,0,0,0,1,0,1,0,0,1,0,0,0,1,0,0,0,0,1,0,1,1,1,0,1,1,1,1,0,1,1,0,0,0,0,0,1,0,1,0,0,0,1,1,0,0,1,1,1,0,0,1,1,0,0,1,0,0,0,1,1,0
0,0,1,1,1,0,0,0,0,1,1,0,0,1,0,0,0,0,1,0,0,1,0,0,0,0,1,1,1,0,0,0,0,1,1,1,0,0,0,1,1,0,0,1,0,0,0,1,0,1,1,0,0,0,0,1,1,1,1,0,0,1,1,0,0,1,0,1,1,0,1,1,1,0,1,1,1,0,0,1,0,0,0,1,1,0,0,1,1,1,0,0,0,1,0,0,0,0,0,1,1,0,0,1,1,1,0,1,1,1,1,1,1,1
1,1,1,1,0,0,0,0,0,0,0,0,0,1,0,0,0,1,0,1,0,1,0,1,1,0,1,1,1,1,0,0,1,0,1,0,0,0,0,0,0,1,0,0,0,0,1,0,1,0,0,1,0,1,0,1,0,0,0,1,0,1,0,1,0,0,0,0,0,0,0,0,0,1,1,0,0,1,0,1,0,1,1,0,1,0,1,0,1,1,0,0,0,0,0,0,0,0,0,0,0,0,0,0,1,1,1,0,0,1,1,0,1,1
1,1,0,0,0,1,1,1,1,0,0,1,1,1,1,0,1,0,0,1,1,1,1,1,0,0,0,0,0,1,1,0,0,0,0,0,0,0,0,0,1,0,0,0,1,0,1,1,1,0,0,0,1,1,0,0,0,0,1,1,0,0,1,0,0,1,0,0,1,1,1,0,1,0,0,0,0,0,1,1,1,0,0,1,0,0,0,0,1,1,1,0,0,1,0,0,0,0,0,1,1,0,0,0,1,1,1,1,0,0,0,0,0,1
0,1,1,0,0,1,0,1,0,0,0,0,0,0,1,1,0,0,0,1,1,0,0,1,1,0,1,0,0,0,0,0,0,1,0,1,1,0,1,0,0,0,0,0,0,0,0,0,1,0,0,0,1,0,0,0,0,1,1,0,1,0,1,1,0,1,0,0,1,0,0,0,0,0,0,1,0,0,1,0,1,1,1,0,0,0,0,1,1,1,1,0,1,0,1,0,0,1,1,1,0,0,1,0,0,0,1,1,0,0,1,1,0,0
0,0,0,0,1,1,1,1,1,1,1,1,1,1,0,0,0,1,0,1,1,0,0,0,1,1,1,0,0,1,0,1,0,0,1,1,1,0,0,0,1,1,0,0,1,0,1,1,0,0,0,1,0,0,1,1,1,1,0,1,1,1,1,0,1,1,0,0,0,0,0,1,0,0,0,0,0,1,1,1,1,1,1,1,1,1,0,0,1,1,0,1,0,0,0,1,0,0,0,0,0,1,1,1,0,1,1,0,0,0,0,0,0,0
1,1,1,0,0,1,0,1,0,0,0,0,0,0,1,1,0,1,1,1,1,0,0,1,0,0,0,0,0,1,1,1,0,0,1,1,1,1,1,0,1,1,0,0,0,0,1,0,1,1,0,1,1,0,0,0,0,1,0,1,0,1,1,1,1,0,0,0,0,1,0,1,0,0,0,1,1,1,0,1,1,0,1,1,0,1,0,0,0,0,1,0,0,0,0,1,1,0,0,1,0,0,0,0,1,0,0,1,0,1,1,0,1,1
0,0,1,1,1,0,0,0,0,1,1,0,0,1,1,0,1,0,0,1,0,0,0,1,1,0,1,1,0,1,0,0,0,0,0,0,1,1,1,0,0,0,1,1,1,0,0,1,1,0,1,0,0,1,1,0,0,0,0,1,1,0,0,1,1,0,0,0,1,0,0,0,1,0,1,0,1,1,0,0,1,1,0,1,1,1,1,0,1,1,1,0,0,0,0,0,0,1,0,0,1,1,0,0,1,0,0,0,1,1,1,0,0,1
1,0,0,1,1,0,1,0,1,1,1,1,1,0,1,0,1,1,0,0,1,0,0,0,0,0,1,0,1,0,0,0,0,0,0,1,1,0,1,0,1,1,1,1,1,0,0,1,0,1,1,1,1,0,1,0,0,1,1,1,0,1,0,0,0,0,1,1,0,1,0,1,1,1,1,0,0,1,0,0,0,0,1,1,0,0,1,1,1,0,0,0,0,1,1,0,0,1,1,0,0,1,0,0,0,0,0,1,0,0,0,1,1,0
1,1,1,0,0,1,0,1,0,0,0,0,0,0,1,0,0,1,1,1,1,1,1,0,1,1,0,0,0,1,1,0,1,0,0,1,1,0,0,1,0,1,1,1,0,1,1,0,0,0,1,1,0,1,1,0,0,1,0,0,0,0,0,1,1,1,0,0,1,0,1,1,0,0,0,1,0,0,1,0,0,0,0,1,1,0,0,0,0,0,1,1,1,0,0,0,1,0,1,0,0,0,1,0,0,1,0,1,0,1,0,0,1,1
0,0,1,1,1,0,0,0,0,1,1,0,0,0,1,0,0,1,1,0,1,0,1,0,1,0,1,0,1,0,0,0,0,0,0,1,1,1,0,0,1,1,0,1,0,0,0,0,1,0,0,1,0,1,0,0,1,1,0,0,0,1,0,0,0,1,0,1,1,0,1,0,0,1,0,0,0,0,1,1,0,0,1,0,0,0,0,0,0,0,0,0,1,0,1,0,1,1,0,1,1,1,0,0,0,0,0,1,0,0,1,0,1,1
1,0,1,0,1,1,0,1,0,1,1,0,0,0,0,1,0,0,1,1,1,0,1,0,1,0,1,0,0,0,1,0,0,0,1,1,0,0,0,0,0,0,0,0,1,0,1,0,1,1,0,0,0,0,0,1,1,1,1,1,0,0,0,1,1,1,1,0,0,1,0,0,1,1,1,0,0,1,1,1,1,1,0,0,1,1,1,0,0,0,1,0,0,1,0,0,0,1,1,0,1,1,0,1,0,0,1,0,0,0,1,1,0,0
0,1,1,1,0,0,0,0,0,0,0,0,0,0,0,0,1,1,1,0,1,0,0,0,0,1,0,1,0,0,1,0,0,1,1,1,0,1,0,0,1,1,1,1,0,0,0,0,0,1,1,0,0,0,0,1,0,1,0,0,1,0,0,1,1,1,0,0,1,1,1,1,0,0,1,0,1,0,1,1,1,0,1,0,0,1,1,0,0,0,1,1,0,1,0,0,0,1,1,0,0,1,0,0,0,1,1,1,0,0,1,0,0,1
0,0,1,0,1,1,0,1,0,1,1,0,0,0,0,1,1,0,0,0,0,1,0,0,0,0,1,0,1,0,0,0,0,0,0,1,0,0,0,1,0,0,0,1,1,1,1,1,1,1,1,0,0,1,1,0,1,0,0,1,0,1,0,0,0,0,0,0,1,0,0,1,1,1,1,0,0,0,0,0,1,0,1,0,1,1,0,0,1,0,0,1,0,0,1,0,1,0,0,0,0,1,0,0,0,1,1,1,0,0,1,0,1,0
0,0,0,1,1,0,1,0,1,1,1,1,1,0,0,0,1,1,0,0,0,1,1,0,1,0,0,0,0,0,0,0,0,0,1,0,0,0,0,0,0,0,1,0,0,1,0,0,0,1,1,1,0,0,0,1,0,1,1,0,1,0,1,0,0,1,0,1,1,1,1,1,0,0,1,1,0,1,1,0,0,0,1,0,1,1,0,0,1,0,0,1,0,1,0,1,0,0,1,1,0,0,1,1,1,1,0,1,1,0,0,0,1,0
1,0,0,1,1,0,1,0,1,1,1,1,1,1,1,1,1,0,1,0,1,0,1,0,0,1,0,1,1,0,0,0,0,0,1,0,0,1,1,1,0,1,0,1,0,1,1,0,1,0,0,1,1,0,0,0,0,0,0,1,0,0,1,0,0,0,1,0,1,0,0,1,1,0,0,0,0,0,1,0,1,0,0,1,0,0,1,0,0,0,1,1,0,0,1,0,1,1,1,0,1,0,1,1,1,1,1,0,0,0,1,1,1,0
0,1,0,0,0,1,1,1,1,0,0,1,1,0,0,0,0,0,0,1,1,1,1,0,0,1,0,0,1,0,1,0,1,0,0,0,1,0,0,0,1,0,1,0,0,1,1,0,1,1,1,0,1,0,1,0,1,0,0,0,0,0,0,0,1,1,1,0,1,0,1,1,0,0,0,1,1,0,0,1,1,1,0,0,0,1,0,0,0,1,1,1,0,1,0,1,0,0,1,0,1,0,0,0,1,1,1,0,0,0,0,0,1,0
0,1,0,1,0,0,1,0,1,0,0,1,1,0,0,1,1,1,0,1,1,1,0,0,0,0,1,1,0,0,0,0,1,0,1,0,1,0,0,0,1,0,1,0,0,1,0,0,1,0,0,0,0,1,0,1,0,0,0,1,0,0,0,0,0,1,1,0,1,1,1,1,1,1,1,1,1,0,0,0,1,1,1,1,1,1,1,1,0,1,1,1,1,1,0,1,0,1,0,0,1,0,0,0,1,1,0,1,1,1,0,0,0,0
0,0,1,1,1,0,0,0,0,1,1,0,0,0,1,0,0,1,1,0,0,0,0,0,0,1,1,0,0,0,0,0,0,0,0,0,0,1,0,1,1,1,1,1,1,0,0,1,0,0,0,0,1,0,1,1,0,0,0,0,0,0,1,0,0,1,0,1,0,0,0,1,0,0,1,0,0,1,1,0,1,1,1,1,1,0,0,0,1,0,1,1,0,0,0,0,0,0,1,0,0,1,1,0,0,1,1,1,0,1,0,0,0,1
1,1,1,1,0,0,0,0,0,0,0,0,0,1,1,0,0,0,0,0,0,0,0,0,0,1,1,0,1,1,0,0,1,0,1,0,1,0,0,0,0,1,0,1,1,0,1,0,1,0,1,1,1,1,0,0,1,1,1,1,1,0,0,1,0,0,0,0,1,0,1,0,0,1,1,0,0,0,0,1,1,0,0,0,1,1,1,0,0,0,0,0,0,1,0,0,0,1,1,0,0,0,0,1,1,1,1,1,1,0,1,1,1,1
1,1,0,1,0,0,1,0,1,0,0,1,1,1,1,1,0,0,0,1,1,0,0,1,0,1,0,0,1,0,1,1,0,0,1,0,1,0,0,1,0,0,0,1,0,1,1,0,1,0,1,1,0,1,1,1,1,0,1,0,0,0,1,1,1,1,0,0,0,1,0,0,0,0,0,0,1,0,1,1,0,1,1,1,0,0,1,0,0,0,1,0,0,1,1,0,0,1,1,1,0,1,1,0,1,1,1,1,0,0,1,0,1,1
1,1,1,0,0,1,0,1,0,0,0,0,0,0,1,0,1,1,1,1,1,0,1,0,1,1,1,0,0,1,1,0,0,0,0,1,1,0,1,1,0,1,1,1,0,0,1,1,0,0,0,1,0,0,1,1,1,1,0,0,1,0,1,1,0,0,0,1,0,0,1,0,1,1,0,1,1,0,1,0,1,1,1,0,1,0,0,0,0,0,0,1,0,0,1,0,0,1,1,0,0,1,0,0,1,1,0,0,0,0,0,0,1,1
0,1,1,0,0,1,0,1,0,0,0,0,0,0,1,1,0,0,1,1,0,1,0,0,1,0,0,0,1,1,0,0,0,0,1,1,0,1,1,0,0,1,0,0,1,1,0,0,1,1,1,1,0,0,0,1,0,0,0,0,0,1,1,1,1,1,0,0,0,0,0,1,0,0,1,0,1,1,0,0,1,0,1,1,1,0,0,0,0,1,0,0,1,0,0,1,1,0,0,0,1,0,1,1,1,1,0,1,0,0,0,1,0,0
1,1,0,0,0,1,1,1,1,0,0,1,1,0,1,0,0,1,1,0,1,0,1,1,0,1,0,1,0,1,1,0,0,1,0,1,1,1,0,0,0,1,0,0,1,1,1,0,0,0,0,1,0,0,1,0,1,1,0,1,1,0,0,1,1,0,0,1,1,0,1,1,0,0,0,1,1,0,1,0,1,1,0,1,0,1,1,0,0,1,0,1,0,0,0,0,0,1,1,1,0,1,0,0,0,1,0,0,1,1,1,1,0,1
1,0,1,0,1,1,0,1,0,1,1,0,0,1,0,1,0,1,1,1,0,1,1,0,1,1,0,1,1,0,0,0,0,0,0,0,1,0,1,0,1,1,0,0,0,1,0,0,0,0,0,1,1,0,1,0,1,0,0,0,1,0,1,0,1,0,0,0,1,1,1,1,1,1,0,1,0,1,1,1,1,1,0,0,0,0,0,0,1,0,0,1,1,0,0,0,0,1,1,0,0,1,1,1,0,0,0,0,1,0,1,0,1,0
1,1,0,1,0,0,1,0,1,0,0,1,1,1,1,0,0,1,0,0,1,0,0,1,0,0,1,1,0,0,1,0,1,0,0,1,1,1,0,0,0,0,0,0,1,1,1,1,1,0,1,0,0,1,1,1,0,1,0,0,1,1,0,1,0,0,0,0,0,0,1,0,0,0,1,0,1,0,1,0,1,1,0,0,0,1,1,0,1,0,1,1,0,0,1,0,0,1,0,1,1,1,0,1,0,0,0,0,0,1,1,0,1,1
1,0,1,1,1,0,0,0,0,1,1,0,0,1,0,0,1,0,1,1,1,1,0,1,1,1,1,0,0,1,0,0,0,0,1,1,0,0,1,0,0,0,1,0,0,1,0,0,0,1,0,0,1,1,0,0,0,1,1,0,0,1,0,1,1,0,1,1,0,0,1,1,1,1,0,0,0,0,0,1,0,0,0,1,1,0,1,0,1,1,0,1,0,1,1,1,1,1,1,1,1,0,1,1,0,1,1,1,1,1,1,1,1,1
0,0,1,0,1,1,0,1,0,1,1,0,0,1,1,1,1,0,1,1,1,1,1,1,1,0,1,0,1,0,1,0,0,1,1,1,0,0,0,0,1,0,0,1,1,1,0,0,0,1,0,1,1,0,1,0,0,0,0,1,0,1,1,1,0,1,1,0,1,0,0,0,0,0,0,1,0,0,0,1,0,1,0,0,1,0,0,0,0,0,1,1,1,1,0,1,0,0,1,0,1,1,0,1,1,0,1,1,1,1,1,0,0,0
1,1,0,0,0,1,1,1,1,0,0,1,1,0,1,1,0,0,1,1,0,1,0,0,0,1,0,0,1,0,0,0,0,1,0,0,0,0,1,1,0,1,0,0,0,0,1,0,0,1,1,0,0,0,0,1,0,1,0,1,0,0,0,0,0,0,0,0,0,1,1,0,0,0,0,0,1,0,1,0,1,0,0,0,0,1,0,0,0,0,1,1,0,0,0,0,0,1,0,0,0,0,1,1,0,1,0,1,0,0,1,0,0,1
0,1,0,1,0,0,1,0,1,0,0,1,1,1,1,0,1,0,1,1,1,0,0,0,0,0,0,0,0,1,0,0,1,1,0,1,1,1,1,0,0,0,0,1,1,1,0,0,1,1,1,0,1,0,1,0,0,1,0,0,1,0,1,0,0,0,1,0,0,0,0,1,0,0,1,1,1,1,1,1,0,0,1,0,0,0,1,0,0,0,0,0,0,1,1,0,0,1,0,0,0,1,1,0,0,1,0,1,0,1,0,0,0,0
0,0,0,1,1,0,1,0,1,1,1,1,1,0,1,1,1,1,1,0,1,1,0,1,1,0,0,0,1,0,0,1,0,0,0,1,1,0,0,1,1,1,1,0,1,0,1,0,0,0,0,1,0,1,1,0,0,1,1,1,0,0,0,1,0,0,0,0,0,0,0,1,0,0,1,1,0,0,1,0,0,0,1,1,0,0,0,0,1,0,1,1,1,1,1,0,0,0,0,1,0,0,0,1,0,0,1,1,0,0,0,0,0,0
1,0,0,1,1,0,1,0,1,1,1,1,1,0,1,0,1,0,1,0,0,0,1,0,0,1,0,0,0,0,0,0,1,1,0,1,1,0,1,1,1,0,0,0,0,0,0,0,0,1,0,1,1,0,0,0,0,0,1,0,1,1,1,1,0,0,1,1,0,1,1,0,0,0,1,1,0,0,0,0,1,0,0,0,0,0,0,0,0,1,1,1,0,1,0,0,1,0,0,0,1,1,0,1,0,0,0,1,0,0,1,0,1,0
0,1,1,1,0,0,0,0,0,0,0,0,0,1,0,1,1,0,0,1,1,0,1,0,1,1,0,0,1,1,0,0,1,0,1,1,0,1,0,0,0,1,1,0,0,1,1,0,1,0,1,1,0,0,1,1,0,0,1,1,0,1,1,1,1,1,0,0,0,0,0,0,0,1,0,0,1,1,1,0,1,0,0,1,0,0,1,0,1,1,1,0,1,1,0,1,1,0,1,0,1,0,0,0,0,1,1,0,0,0,1,0,0,1
1,0,1,1,1,0,0,0,0,1,1,0,0,1,1,1,0,0,1,1,1,0,1,1,0,0,0,1,1,0,1,0,1,1,1,1,1,0,0,0,0,1,0,1,0,1,0,1,1,0,0,1,1,1,0,0,1,1,1,1,0,0,0,1,1,1,1,0,0,1,1,1,0,1,0,0,0,1,1,1,1,0,1,0,0,1,1,1,1,0,0,0,0,0,0,1,1,1,1,1,0,1,0,1,0,0,1,0,0,0,1,0,1,1
0,1,0,0,0,1,1,1,1,0,0,1,1,0,1,0,0,0,1,0,0,1,0,1,0,0,0,0,1,1,1,0,0,1,0,0,0,1,0,1,1,0,0,0,0,0,1,1,1,1,1,1,0,0,1,0,0,0,0,1,0,1,0,0,1,1,0,1,1,0,0,0,0,0,0,0,0,0,0,1,0,1,0,0,0,1,1,0,1,1,1,1,0,1,1,0,0,1,0,0,0,0,1,0,0,0,1,1,1,0,0,1,0,0
0,1,1,0,0,1,0,1,0,0,0,0,0,0,0,0,1,0,0,1,1,0,1,0,0,1,0,0,0,0,0,1,0,0,1,0,1,0,1,0,0,1,1,1,0,1,0,0,0,1,1,0,1,0,0,0,0,1,1,0,0,1,0,1,1,0,0,0,0,1,1,0,0,1,1,1,1,1,1,1,1,1,1,0,0,1,0,0,1,0,1,1,1,0,1,0,0,1,0,0,1,0,0,1,0,1,0,0,1,0,1,1,1,0
1,0,0,0,1,1,1,1,1,1,1,1,1,1,1,1,1,1,1,0,0,1,0,1,0,1,0,0,0,0,0,0,0,0,1,0,1,1,1,0,1,0,0,1,0,1,0,0,0,0,1,1,0,0,0,0,0,0,0,1,1,0,0,0,0,1,0,0,0,0,1,0,0,0,0,1,0,0,1,1,0,0,0,0,0,0,0,0,1,1,0,0,0,1,0,0,1,0,0,0,1,1,1,0,1,1,0,1,1,0,0,1,0,0
1,0,1,0,1,1,0,1,0,1,1,0,0,1,1,0,0,1,0,1,0,0,1,0,1,0,1,0,0,0,0,1,1,0,1,0,1,0,1,0,1,0,0,1,1,1,1,1,1,0,0,1,1,0,0,0,0,0,0,1,1,0,0,0,0,0,0,1,1,1,1,0,0,0,1,0,1,1,0,1,1,0,0,0,1,0,1,1,0,0,0,0,0,1,0,1,0,0,0,1,1,0,0,1,1,0,1,1,0,1,0,0,0,0
0,1,0,1,0,0,1,0,1,0,0,1,1,0,0,0,0,0,0,1,1,0,1,0,1,1,0,0,0,1,0,0,0,1,0,1,0,1,0,1,0,0,1,1,0,1,1,0,0,1,1,0,0,0,1,0,0,1,1,0,1,1,0,0,0,0,1,0,0,1,0,0,0,1,1,1,1,0,1,0,1,1,1,0,1,1,0,1,0,0,1,1,1,1,0,1,1,1,1,1,0,1,0,1,1,0,1,0,0,1,0,1,0,0
1,1,0,1,0,0,1,0,1,0,0,1,1,0,1,1,1,0,1,0,1,0,1,1,0,0,1,0,1,1,0,0,1,0,0,0,0,0,0,0,0,1,0,0,0,0,0,0,1,0,1,1,0,0,1,0,0,1,1,1,0,0,0,0,0,0,0,0,0,1,0,1,0,1,0,0,1,0,0,1,1,1,1,0,1,1,1,0,0,1,1,0,0,0,0,1,0,0,1,0,0,1,1,0,1,0,1,1,0,0,0,0,1,1
1,1,1,0,0,1,0,1,0,0,0,0,0,0,0,1,0,0,1,1,1,0,0,0,0,1,1,1,1,1,1,0,1,0,0,0,0,0,0,0,1,1,0,0,0,1,1,0,0,0,1,1,1,0,0,0,0,0,0,1,1,0,1,1,1,1,0,0,1,1,1,1,1,0,0,0,1,1,0,0,0,1,0,0,0,1,1,1,1,1,1,1,0,0,0,1,1,0,0,1,1,0,1,0,1,0,0,0,1,0,0,0,0,1
1,1,0,0,0,1,1,1,1,0,0,1,1,0,0,0,0,1,0,0,1,0,1,1,0,0,0,0,0,0,0,1,0,0,0,0,1,0,0,0,1,1,1,1,0,0,0,0,0,0,1,0,1,0,0,0,1,0,0,1,1,0,1,0,1,1,1,0,0,1,0,0,0,1,1,0,1,0,0,1,1,0,1,0,1,1,1,1,1,0,0,1,1,0,0,1,1,1,1,0,0,1,0,0,1,1,1,0,1,0,1,0,1,1
0,1,1,1,0,0,0,0,0,0,0,0,0,0,1,0,1,1,1,1,1,1,1,0,1,1,0,0,1,0,0,0,1,1,1,0,0,1,1,0,0,0,1,1,0,0,0,1,1,1,0,0,0,1,0,0,1,0,0,0,1,1,0,0,1,1,1,0,1,0,1,1,0,0,1,1,0,1,1,0,1,0,0,1,0,0,1,1,0,1,0,1,1,0,0,0,0,0,0,0,1,0,0,0,1,1,1,0,0,0,0,0,0,1
0,0,1,1,1,0,0,0,0,1,1,0,0,1,0,1,0,1,0,1,1,0,0,0,1,1,0,1,0,1,0,1,1,1,0,1,0,0,1,0,1,1,0,0,1,0,0,1,1,0,1,0,0,0,0,0,1,1,0,0,1,0,0,0,0,0,1,0,1,1,0,1,1,1,0,0,1,1,0,1,0,0,1,1,0,0,1,0,1,0,0,1,0,0,0,0,0,1,0,0,0,0,1,0,1,0,1,0,0,0,1,1,0,1
0,0,0,1,1,0,1,0,1,1,1,1,1,0,0,0,1,1,0,0,1,0,1,0,0,0,1,0,1,1,1,1,0,0,0,0,1,1,1,0,1,0,0,1,0,0,1,1,1,1,0,0,0,1,1,1,0,0,0,0,0,1,0,1,1,1,0,1,0,0,0,1,0,0,1,1,1,1,0,1,0,0,0,0,1,0,1,0,1,1,1,0,0,0,1,0,1,0,1,1,0,1,0,0,1,0,1,0,0,0,0,0,0,0
1,0,0,1,1,0,1,0,1,1,1,1,1,1,1,1,1,0,0,0,0,1,0,1,1,0,0,1,0,1,1,0,1,1,0,0,1,1,0,0,0,0,0,1,1,1,0,1,1,0,0,1,0,0,0,0,1,0,0,1,0,0,0,1,0,0,0,1,0,1,1,1,0,0,0,1,0,1,0,0,1,0,0,1,0,1,0,1,0,1,0,0,0,0,0,1,0,1,1,0,1,1,1,0,1,0,1,1,1,1,1,0,0,0
1,1,0,1,0,0,1,0,1,0,0,1,1,0,1,1,0,1,1,0,0,0,1,0,1,1,0,0,1,0,0,0,1,0,0,1,1,0,0,1,0,0,0,0,1,1,1,1,1,0,1,1,1,0,0,0,0,0,0,1,0,0,0,0,1,0,1,1,0,1,1,1,0,1,0,1,1,0,0,0,1,0,1,0,0,1,1,1,0,1,1,0,1,0,1,1,1,0,0,1,0,0,0,0,1,0,0,1,1,0,1,0,1,1
1,0,0,1,1,0,1,0,1,1,1,1,1,1,0,1,1,1,0,0,1,0,0,0,0,0,1,1,1,1,0,0,1,0,1,0,0,1,0,0,0,1,0,1,0,0,1,0,0,1,0,0,0,1,0,0,1,1,1,1,1,0,0,0,1,0,1,0,1,1,0,0,1,1,1,0,0,0,1,1,0,0,0,1,0,0,1,0,0,0,1,1,1,1,1,0,0,0,1,0,1,0,0,0,1,1,1,0,0,0,0,1,1,0
1,1,0,1,0,0,1,0,1,0,0,1,1,0,1,1,1,0,0,0,1,1,0,1,0,0,1,0,1,0,1,1,0,1,0,1,1,1,1,1,0,0,0,0,1,1,0,1,1,0,0,0,0,1,0,0,0,1,1,1,1,1,0,0,1,0,0,0,0,1,0,0,1,1,0,1,0,0,1,1,1,1,1,1,1,1,1,1,0,1,0,0,0,0,0,0,0,0,1,0,0,1,1,0,0,1,0,1,0,1,0,0,1,1
0,1,0,1,0,0,1,0,1,0,0,1,1,1,1,1,1,0,1,1,0,0,1,0,1,1,1,0,0,1,0,0,0,1,1,1,0,1,0,0,1,1,1,0,1,1,0,1,1,1,0,0,0,0,0,1,0,1,1,0,0,0,1,1,0,1,1,0,0,0,0,0,0,1,0,1,0,1,1,0,1,1,0,1,0,1,1,0,0,0,0,0,0,0,0,0,0,0,1,0,1,1,0,1,0,0,0,1,1,1,0,0,1,0
0,0,0,0,1,1,1,1,1,1,1,1,1,1,1,1,0,1,0,1,0,0,0,0,0,1,0,1,1,1,1,1,0,0,0,0,0,0,0,1,0,0,1,0,0,0,0,0,0,1,1,0,0,1,1,0,1,0,1,0,0,1,0,0,0,0,0,0,1,1,1,1,0,1,1,0,1,1,0,0,0,1,0,1,0,0,1,0,0,1,0,1,0,1,1,0,0,1,0,0,1,1,1,0,0,1,0,0,1,0,1,0,0,0
0,1,1,0,0,1,0,1,0,0,0,0,0,1,0,1,0,0,0,1,1,0,1,1,1,1,0,0,1,1,0,0,0,0,0,0,1,0,1,0,1,1,0,1,0,1,0,1,0,1,1,1,1,0,0,0,0,0,1,0,1,0,0,1,1,1,1,1,0,0,0,1,0,1,1,0,0,1,1,1,1,1,1,1,0,0,1,1,1,0,1,0,1,1,0,0,1,0,1,0,1,1,1,0,0,1,1,0,1,0,0,1,0,0
0,0,0,1,1,0,1,0,1,1,1,1,1,0,1,0,1,1,1,1,1,0,1,0,0,0,1,0,0,1,1,0,0,0,1,1,0,0,0,1,0,0,0,0,1,0,0,1,0,0,1,1,1,1,0,0,0,1,0,0,0,1,0,1,0,0,0,1,1,1,0,1,0,1,0,0,1,0,1,1,0,0,1,0,0,1,0,0,0,0,0,0,0,0,1,0,0,1,1,1,0,1,0,0,0,1,0,0,1,1,1,0,1,0
1,0,0,0,1,1,1,1,1,1,1,1,1,1,1,0,0,0,0,1,1,0,0,0,1,0,1,0,0,0,0,0,0,0,1,0,0,0,1,1,1,1,0,1,0,0,0,1,0,0,1,0,0,1,1,1,1,1,0,1,0,0,1,0,1,0,0,1,0,1,0,0,1,1,1,0,0,0,0,1,0,1,1,1,1,1,1,0,0,1,1,1,1,1,0,1,1,0,0,1,0,0,0,1,0,1,0,0,0,0,0,0,0,0
0,0,1,1,1,0,0,0,0,1,1,0,0,0,1,1,0,1,0,1,1,0,0,0,0,1,1,1,1,0,1,0,1,1,0,0,1,0,1,0,1,0,1,1,0,0,0,0,0,0,0,0,1,1,1,1,0,1,0,1,0,0,0,1,0,0,0,1,1,0,0,1,0,0,0,0,1,1,0,1,0,1,0,0,1,1,1,0,1,0,1,0,0,0,0,1,0,1,0,1,1,0,0,0,1,1,0,0,0,0,1,0,0,1
0,0,1,1,1,0,0,0,0,1,1,0,0,0,1,1,1,1,0,1,1,1,0,1,1,0,0,0,0,1,0,0,0,0,1,1,0,1,1,0,1,0,1,1,0,0,1,1,0,1,0,1,0,1,0,0,0,0,1,0,0,0,0,0,0,0,0,1,1,1,1,1,1,0,0,0,0,0,0,0,1,1,0,0,0,1,0,0,1,1,0,0,0,1,1,0,1,0,1,0,1,1,0,1,0,0,1,0,0,1,1,0,1,1
1,1,1,1,0,0,0,0,0,0,0,0,0,0,0,0,1,1,0,0,0,1,0,0,1,1,0,0,1,1,1,0,1,1,0,0,0,0,1,1,0,1,1,1,0,1,1,0,1,1,1,0,0,1,1,1,1,1,0,1,1,0,0,0,0,0,1,1,1,0,0,0,0,0,0,0,1,1,1,0,1,1,0,0,0,1,0,1,1,1,1,0,0,0,1,0,1,1,0,0,1,1,1,1,0,0,0,0,1,1,0,0,0,1
1,0,1,0,1,1,0,1,0,1,1,0,0,1,0,0,0,1,1,0,0,0,0,0,0,0,0,0,1,1,0,0,0,0,0,0,0,0,0,0,0,0,1,1,0,0,1,1,0,0,1,1,1,0,0,0,1,0,1,0,1,0,0,1,1,1,0,0,0,1,1,1,1,1,0,1,0,0,0,0,0,0,1,0,0,1,0,0,1,0,0,0,1,1,1,1,1,1,0,1,0,1,0,1,0,0,1,1,0,0,1,1,0,0
0,0,0,0,1,1,1,1,1,1,1,1,1,1,1,1,1,0,1,1,0,0,0,0,1,1,1,0,1,1,0,0,0,0,0,0,0,0,1,1,0,0,1,0,1,1,1,1,0,1,0,0,1,1,0,0,1,1,1,1,1,0,1,0,0,0,1,1,1,0,0,0,0,0,0,0,0,0,1,0,1,1,1,1,1,0,0,0,0,1,0,0,1,0,0,0,0,0,1,0,0,0,0,0,0,1,1,0,0,1,1,1,1,0
1,0,0,0,1,1,1,1,1,1,1,1,1,1,1,1,0,0,1,0,0,0,0,1,1,0,0,1,0,1,0,0,0,0,0,1,1,0,0,0,0,0,0,1,1,0,1,1,1,0,0,1,0,0,0,0,1,1,0,0,1,0,0,1,1,1,0,1,0,1,0,0,0,0,0,0,1,0,0,0,1,0,0,1,0,1,0,1,0,1,0,0,1,0,1,1,0,0,0,0,0,1,1,0,1,1,0,0,1,0,0,1,0,0
1,0,0,0,1,1,1,1,1,1,1,1,1,0,0,0,0,1,0,0,1,1,0,1,0,1,0,0,0,1,1,1,0,0,0,0,1,0,1,0,0,0,1,0,1,0,0,0,0,1,1,0,0,1,1,1,1,0,1,1,1,0,1,0,0,0,1,0,0,1,1,1,1,1,0,1,0,1,0,1,0,0,1,0,0,1,1,0,0,1,0,1,1,0,1,0,1,1,0,1,0,0,0,0,1,0,0,0,0,0,1,1,0,0
1,0,1,1,1,0,0,0,0,1,1,0,0,0,0,0,1,1,0,1,1,1,0,1,0,0,1,1,1,1,0,1,0,1,1,0,1,0,0,0,0,1,1,0,0,0,0,0,0,0,0,1,0,1,0,1,1,0,0,0,1,0,0,0,0,0,0,0,1,0,1,0,0,1,0,0,1,0,1,0,1,1,0,1,1,0,0,0,1,1,0,0,1,1,0,1,1,1,0,0,0,1,0,0,1,1,0,0,0,1,0,0,0,1
1,1,1,1,0,0,0,0,0,0,0,0,0,0,1,1,1,1,0,0,0,0,0,1,0,1,1,1,0,1,1,0,0,1,0,0,1,0,1,1,1,1,1,0,1,1,1,0,1,1,1,1,0,1,1,0,0,1,1,0,0,0,0,1,0,0,1,0,0,1,0,0,0,1,1,0,0,0,0,1,1,1,1,1,1,1,1,0,0,0,0,0,0,0,0,1,0,0,0,0,1,1,1,0,1,1,1,1,0,0,0,1,0,1
1,0,0,1,1,0,1,0,1,1,1,1,1,0,1,0,0,1,0,0,0,0,1,1,1,1,0,0,0,0,1,0,1,1,0,1,1,0,0,0,1,0,0,1,0,0,0,1,1,0,1,0,0,0,1,1,0,1,1,0,1,0,0,1,1,0,0,1,0,1,1,0,1,0,1,1,1,1,1,0,0,1,0,1,0,0,0,0,1,0,1,1,1,1,0,1,1,1,1,0,1,0,1,1,0,0,1,0,1,1,0,0,1,0
1,0,0,0,1,1,1,1,1,1,1,1,1,0,0,0,0,0,0,0,0,0,0,0,1,1,0,1,1,0,0,1,1,1,0,1,0,0,1,0,0,0,1,1,1,1,1,0,0,0,0,1,0,1,1,1,1,0,0,1,0,0,0,1,1,0,0,0,1,1,1,1,0,0,1,1,0,0,1,0,0,0,0,1,1,1,1,1,1,0,0,1,0,1,0,1,1,0,1,0,0,0,0,0,0,0,1,0,0,1,1,0,1,0
